IP,Timestamp,Method,URL,Status,Size
192.168.1.62,10/Feb/2025:12:00:00 +0000,PUT,/checkout,403,768
192.168.1.92,10/Feb/2025:12:04:24 +0000,PUT,/profile,404,1024
192.168.1.64,10/Feb/2025:12:05:32 +0000,DELETE,/settings,201,256
192.168.1.83,10/Feb/2025:12:08:31 +0000,GET,/location,200,1024
192.168.1.167,10/Feb/2025:12:11:27 +0000,PUT,/user,403,2048
192.168.1.155,10/Feb/2025:12:15:00 +0000,GET,/news,200,256
192.168.1.60,10/Feb/2025:12:15:44 +0000,PUT,/settings,503,1024
192.168.1.217,10/Feb/2025:12:17:09 +0000,DELETE,/services,401,3072
192.168.1.70,10/Feb/2025:12:19:24 +0000,POST,/activity,500,2048
192.168.1.228,10/Feb/2025:12:21:17 +0000,GET,/blog,201,256
192.168.1.108,10/Feb/2025:12:25:20 +0000,GET,/profile,403,768
192.168.1.58,10/Feb/2025:12:28:51 +0000,GET,/settings,201,128
192.168.1.44,10/Feb/2025:12:31:47 +0000,GET,/contact,404,768
192.168.1.255,10/Feb/2025:12:33:37 +0000,POST,/history,503,768
192.168.1.203,10/Feb/2025:12:37:26 +0000,DELETE,/activity,503,256
192.168.1.231,10/Feb/2025:12:42:19 +0000,POST,/user,500,3072
192.168.1.209,10/Feb/2025:12:43:58 +0000,POST,/location,403,1024
192.168.1.53,10/Feb/2025:12:45:35 +0000,POST,/dashboard,503,128
192.168.1.100,10/Feb/2025:12:47:45 +0000,PUT,/logout,403,3072
192.168.1.101,10/Feb/2025:12:52:38 +0000,POST,/cart,500,2048
192.168.1.243,10/Feb/2025:12:55:31 +0000,POST,/logout,403,3072
192.168.1.95,10/Feb/2025:13:00:12 +0000,GET,/terms,404,2048
192.168.1.177,10/Feb/2025:13:02:05 +0000,GET,/dashboard,403,128
192.168.1.133,10/Feb/2025:13:06:43 +0000,DELETE,/activity,404,1024
192.168.1.141,10/Feb/2025:13:10:19 +0000,POST,/order,201,3072
192.168.1.29,10/Feb/2025:13:13:04 +0000,DELETE,/profile,404,128
192.168.1.80,10/Feb/2025:13:16:51 +0000,PUT,/products,403,256
192.168.1.177,10/Feb/2025:13:20:10 +0000,DELETE,/privacy,503,768
192.168.1.69,10/Feb/2025:13:23:40 +0000,GET,/history,404,256
192.168.1.78,10/Feb/2025:13:24:36 +0000,PUT,/api/data,401,512
192.168.1.126,10/Feb/2025:13:25:44 +0000,GET,/support,500,2048
192.168.1.89,10/Feb/2025:13:30:16 +0000,DELETE,/user,200,512
192.168.1.98,10/Feb/2025:13:33:52 +0000,GET,/admin,200,3072
192.168.1.77,10/Feb/2025:13:37:33 +0000,GET,/report,404,128
192.168.1.254,10/Feb/2025:13:41:22 +0000,PUT,/appointment,201,2048
192.168.1.78,10/Feb/2025:13:44:37 +0000,PUT,/terms,401,512
192.168.1.85,10/Feb/2025:13:45:12 +0000,GET,/profile,403,3072
192.168.1.93,10/Feb/2025:13:45:42 +0000,GET,/schedule,500,3072
192.168.1.166,10/Feb/2025:13:48:38 +0000,DELETE,/blog,201,512
192.168.1.68,10/Feb/2025:13:53:13 +0000,POST,/blog,503,3072
192.168.1.198,10/Feb/2025:13:57:28 +0000,GET,/profile,401,256
192.168.1.54,10/Feb/2025:14:01:22 +0000,DELETE,/update,401,2048
192.168.1.248,10/Feb/2025:14:03:40 +0000,DELETE,/schedule,404,2048
192.168.1.128,10/Feb/2025:14:07:59 +0000,PUT,/appointment,401,2048
192.168.1.194,10/Feb/2025:14:08:33 +0000,GET,/contact,404,3072
192.168.1.104,10/Feb/2025:14:11:44 +0000,DELETE,/feedback,503,256
192.168.1.138,10/Feb/2025:14:13:05 +0000,PUT,/complaint,403,1024
192.168.1.12,10/Feb/2025:14:18:05 +0000,DELETE,/support,403,768
192.168.1.88,10/Feb/2025:14:20:56 +0000,DELETE,/signup,503,3072
192.168.1.148,10/Feb/2025:14:23:59 +0000,POST,/blog,200,256
192.168.1.166,10/Feb/2025:14:25:29 +0000,POST,/checkout,401,2048
192.168.1.179,10/Feb/2025:14:27:23 +0000,DELETE,/contact,401,256
192.168.1.241,10/Feb/2025:14:30:16 +0000,PUT,/schedule,500,1024
192.168.1.196,10/Feb/2025:14:34:52 +0000,GET,/report,403,3072
192.168.1.162,10/Feb/2025:14:39:10 +0000,DELETE,/logout,503,128
192.168.1.109,10/Feb/2025:14:40:52 +0000,DELETE,/update,201,128
192.168.1.209,10/Feb/2025:14:45:35 +0000,PUT,/settings,503,1024
192.168.1.36,10/Feb/2025:14:48:19 +0000,GET,/activity,500,2048
192.168.1.205,10/Feb/2025:14:50:02 +0000,GET,/complaint,403,1024
192.168.1.45,10/Feb/2025:14:51:55 +0000,DELETE,/order,200,768
192.168.1.150,10/Feb/2025:14:56:40 +0000,GET,/signup,500,2048
192.168.1.43,10/Feb/2025:15:00:45 +0000,GET,/api/data,404,3072
192.168.1.252,10/Feb/2025:15:05:39 +0000,POST,/blog,500,768
192.168.1.98,10/Feb/2025:15:07:57 +0000,POST,/login,500,512
192.168.1.159,10/Feb/2025:15:08:53 +0000,POST,/history,403,768
192.168.1.136,10/Feb/2025:15:13:25 +0000,GET,/user,503,2048
192.168.1.187,10/Feb/2025:15:16:37 +0000,POST,/login,503,512
192.168.1.191,10/Feb/2025:15:18:18 +0000,POST,/login,404,256
192.168.1.31,10/Feb/2025:15:21:36 +0000,DELETE,/api/data,201,256
192.168.1.92,10/Feb/2025:15:26:34 +0000,GET,/order,403,2048
192.168.1.220,10/Feb/2025:15:28:31 +0000,PUT,/blog,401,256
192.168.1.169,10/Feb/2025:15:29:56 +0000,DELETE,/support,401,128
192.168.1.78,10/Feb/2025:15:30:26 +0000,POST,/logout,404,768
192.168.1.141,10/Feb/2025:15:35:24 +0000,PUT,/reviews,200,512
192.168.1.151,10/Feb/2025:15:38:11 +0000,POST,/faq,403,128
192.168.1.178,10/Feb/2025:15:42:17 +0000,POST,/admin,403,3072
192.168.1.148,10/Feb/2025:15:47:08 +0000,DELETE,/admin,401,128
192.168.1.128,10/Feb/2025:15:49:11 +0000,DELETE,/login,403,1024
192.168.1.97,10/Feb/2025:15:49:45 +0000,DELETE,/wishlist,404,768
192.168.1.141,10/Feb/2025:15:52:39 +0000,DELETE,/blog,404,512
192.168.1.208,10/Feb/2025:15:55:33 +0000,PUT,/complaint,404,3072
192.168.1.214,10/Feb/2025:15:57:53 +0000,PUT,/blog,200,3072
192.168.1.66,10/Feb/2025:16:01:32 +0000,PUT,/wishlist,500,1024
192.168.1.131,10/Feb/2025:16:05:12 +0000,GET,/contact,404,3072
192.168.1.56,10/Feb/2025:16:08:07 +0000,PUT,/privacy,201,1024
192.168.1.116,10/Feb/2025:16:09:32 +0000,PUT,/settings,401,3072
192.168.1.168,10/Feb/2025:16:11:52 +0000,GET,/signup,503,256
192.168.1.243,10/Feb/2025:16:14:33 +0000,POST,/wishlist,201,256
192.168.1.160,10/Feb/2025:16:19:12 +0000,DELETE,/admin,503,128
192.168.1.140,10/Feb/2025:16:23:11 +0000,PUT,/account,401,768
192.168.1.210,10/Feb/2025:16:25:26 +0000,PUT,/login,401,512
192.168.1.225,10/Feb/2025:16:28:57 +0000,GET,/dashboard,201,3072
192.168.1.89,10/Feb/2025:16:29:27 +0000,PUT,/history,201,2048
192.168.1.137,10/Feb/2025:16:30:43 +0000,GET,/feedback,403,128
192.168.1.51,10/Feb/2025:16:31:26 +0000,DELETE,/login,201,128
192.168.1.96,10/Feb/2025:16:35:17 +0000,DELETE,/signup,503,2048
192.168.1.242,10/Feb/2025:16:37:27 +0000,GET,/about,500,1024
192.168.1.230,10/Feb/2025:16:39:34 +0000,DELETE,/dashboard,200,128
192.168.1.238,10/Feb/2025:16:44:31 +0000,POST,/dashboard,503,512
192.168.1.44,10/Feb/2025:16:46:45 +0000,POST,/report,503,2048
192.168.1.229,10/Feb/2025:16:49:20 +0000,POST,/complaint,401,256
192.168.1.201,10/Feb/2025:16:50:39 +0000,PUT,/logout,503,1024
192.168.1.235,10/Feb/2025:16:54:01 +0000,GET,/wishlist,404,128
192.168.1.162,10/Feb/2025:16:56:02 +0000,PUT,/support,200,768
192.168.1.208,10/Feb/2025:16:59:38 +0000,POST,/admin,503,128
192.168.1.116,10/Feb/2025:17:00:40 +0000,DELETE,/blog,403,256
192.168.1.41,10/Feb/2025:17:05:36 +0000,POST,/schedule,500,128
192.168.1.9,10/Feb/2025:17:07:49 +0000,DELETE,/reviews,403,128
192.168.1.11,10/Feb/2025:17:08:40 +0000,DELETE,/dashboard,404,128
192.168.1.199,10/Feb/2025:17:11:17 +0000,POST,/complaint,200,512
192.168.1.114,10/Feb/2025:17:14:17 +0000,POST,/location,200,768
192.168.1.112,10/Feb/2025:17:16:34 +0000,PUT,/blog,401,256
192.168.1.19,10/Feb/2025:17:18:33 +0000,PUT,/checkout,403,256
192.168.1.155,10/Feb/2025:17:21:19 +0000,POST,/api/data,200,2048
192.168.1.192,10/Feb/2025:17:26:03 +0000,DELETE,/wishlist,404,256
192.168.1.158,10/Feb/2025:17:30:57 +0000,POST,/update,500,512
192.168.1.245,10/Feb/2025:17:32:43 +0000,POST,/admin,200,3072
192.168.1.239,10/Feb/2025:17:35:11 +0000,PUT,/checkout,200,2048
192.168.1.192,10/Feb/2025:17:38:57 +0000,PUT,/products,503,512
192.168.1.102,10/Feb/2025:17:41:48 +0000,PUT,/admin,401,512
192.168.1.82,10/Feb/2025:17:42:30 +0000,DELETE,/news,201,256
192.168.1.163,10/Feb/2025:17:46:32 +0000,DELETE,/cart,401,1024
192.168.1.239,10/Feb/2025:17:47:32 +0000,PUT,/appointment,404,256
192.168.1.70,10/Feb/2025:17:48:33 +0000,DELETE,/account,404,256
192.168.1.74,10/Feb/2025:17:50:37 +0000,PUT,/privacy,401,256
192.168.1.238,10/Feb/2025:17:52:17 +0000,DELETE,/activity,503,128
192.168.1.104,10/Feb/2025:17:54:10 +0000,GET,/report,401,2048
192.168.1.224,10/Feb/2025:17:58:12 +0000,POST,/news,403,1024
192.168.1.45,10/Feb/2025:18:00:20 +0000,PUT,/news,200,1024
192.168.1.75,10/Feb/2025:18:03:12 +0000,GET,/update,401,128
192.168.1.35,10/Feb/2025:18:06:15 +0000,GET,/location,201,1024
192.168.1.28,10/Feb/2025:18:07:41 +0000,DELETE,/feedback,503,256
192.168.1.134,10/Feb/2025:18:11:17 +0000,GET,/report,404,512
192.168.1.101,10/Feb/2025:18:13:47 +0000,PUT,/support,500,768
192.168.1.172,10/Feb/2025:18:14:22 +0000,PUT,/account,500,3072
192.168.1.84,10/Feb/2025:18:18:57 +0000,POST,/cart,500,2048
192.168.1.164,10/Feb/2025:18:23:31 +0000,DELETE,/contact,404,128
192.168.1.167,10/Feb/2025:18:24:22 +0000,GET,/terms,403,3072
192.168.1.147,10/Feb/2025:18:25:10 +0000,POST,/support,500,1024
192.168.1.50,10/Feb/2025:18:27:46 +0000,PUT,/activity,201,2048
192.168.1.247,10/Feb/2025:18:32:19 +0000,PUT,/order,401,256
192.168.1.112,10/Feb/2025:18:36:49 +0000,PUT,/signup,401,2048
192.168.1.251,10/Feb/2025:18:41:02 +0000,POST,/login,503,1024
192.168.1.230,10/Feb/2025:18:44:14 +0000,GET,/about,503,768
192.168.1.33,10/Feb/2025:18:49:09 +0000,PUT,/blog,401,512
192.168.1.189,10/Feb/2025:18:51:02 +0000,GET,/home,503,3072
192.168.1.193,10/Feb/2025:18:55:22 +0000,DELETE,/cart,200,512
192.168.1.215,10/Feb/2025:18:58:38 +0000,GET,/admin,200,2048
192.168.1.109,10/Feb/2025:19:02:45 +0000,DELETE,/activity,401,256
192.168.1.64,10/Feb/2025:19:05:12 +0000,PUT,/about,200,256
